iter	Accuracy	Logloss
0	0.9241351627	0.6324524252
100	0.9404101591	0.1734194094
200	0.9431287403	0.1625410978
300	0.9438950518	0.1563991281
400	0.9443329441	0.1523217834
485	0.9446613633	0.1495673677
